{"Enters":2,"Weights":[[[0.1767852613013416,1.0040686660765135],[0.960017844207952,0.22103286585901577]],[[-1.2205815819079187,-0.5547264096663906],[-0.9936606246548024,-0.7854626423911533],[-1.1069242762454605,-0.6692844505800422],[0.5415080912781886,1.2210856417487377],[0.7159510602473991,1.0488704685627728],[0.7253675117343649,1.0390399814180444],[-0.8655078783410307,-0.9109926191229774],[-0.266602491488974,-1.5136055841066325],[-1.0906910695204184,-0.6889415780640912],[0.5465988282907438,1.2197063113957773]],[[-8.008420602386725,-10.7709243699874,-8.927499398665026,4.144243126490089,5.518234776709757,5.308837085277345,-9.555754918905748,-10.701703142606897,-10.818227283734725,6.113698076229873]]]}