{"Enters":3,"Weights":[[[2.1738702090709547,2.2067230833686953,2.194370001186529],[-4.888283335628878,-4.953350046828485,-4.878396898829463],[-4.888754345136114,-4.953807290649648,-4.878814284031775]],[[-4.075461298839406,105.10396894257586,105.44916902046523],[-3.5271270681565414,54.633872219771156,54.52604238308868],[0.6236350471349136,-55.762731480942065,-55.97139252865644],[1.8356756841995383,-104.30641192740316,-104.50253678189249],[-4.1544549046062675,111.45677955575717,111.78511036874174],[-3.577263606679495,59.75681954360337,60.43239840624106],[-3.6635255085786085,69.34634650691424,68.50906947850852],[-0.5773206015855448,-27.32726150061081,-26.972944406367525],[-1.3678181250440857,-16.01346586868124,-17.994214673753476],[1.2572880768640196,-78.90737301429601,-78.04394161266192]],[[-38.4454298119649,-26.20263183905537,7.151877916182318,13.684795832873945,-39.831420719832,-27.659074970335393,-29.916140777369105,3.525050827469675,2.067141428241096,10.142568563053166]]]}